,,,,,,00126        Tarragona (Marques),,,,,,,,,,,,20/11/2025,,,
infcontrolalmacen,,,,,,,,,,,,,,,,,,,,,
,,,,,,Informe Control de Almacén,,,,,,,,,,,Pág. 1  de 8,,,,
Ordenado por Artículo,,,,,,,,,,,,,,,,,,,,,
,,,,,,,,,,,,,,,,,,,,,
"Criterios:   , Fechas Cuadre:  Mes Panel de Control.",,,,,,,,,,,,,,,,Moneda de Uso: EUROS,,,,,
,,,,,,,,,,,,,,,,,,,,,
,,,,,,,,,,,,,,,,,,,,,
,,,,,,,,,,,,,,,,,,,,,
,,,,,,,,,,,,,,,,,,,,,
,,,,,,,,,,,,,,,,,,,,,
,,,,,,,,,,,,,,,,,,,,,
Cuadre Inicial,,,Inventario total,,,,01/11/2025  12:18:43 ,,,,Cuadre Final,,,Cuadre completo,,,,19/11/2025  01:09:57 ,,,
Empleado,,"AGUILO MORESO, JUDITH",,,,,,,,,Empleado,,"GALLEGO CHICA, MARIA DEL CARMEN",,,,,,,,
Fecha de grabación,,,01/11/2025  12:18:50 ,,,,,,,,Fecha de grabación,,,19/11/2025  01:10:36 ,,,,,,,
,,,,,,,,,,,,,,,,,,,,,
Artículo,,,,,,,,Inicial,Entradas,Salida,,Consumo,,Teórica,Desperdicio,Sobra - Falta,,Robo,%,Consumo,Real
,,,,,,,,,,,,,,,,,,,,,
4Q,,* MEZCLA 4 QUESOS,,,,,Kilogramo,,"1,561","48,000",,"48,579","0,982",,"11,000",,"22,64","11,982",,,
,,,,,,,,,,,,,,,,,,,,,
,,,,,,,,,,,,,,,,,,,,,
,,,,,,,,,,,,,,,,,,,,,
,,,,,,,,,,,,,,,,,,,,,
,,,,,,,,,,,,,,,,,,,,,
,,,,,,,,,,,,,,,,,,,,,
5Q,,* MEZCLA 5 QUESOS,,,,,Kilogramo,,"5,841","11,000",,"13,687","3,154",,"0,000",,,"3,154",,,
,,,,,,,,,,,,,,,,,,,,,
,,,,,,,,,,,,,,,,,,,,,
5QGO,,* MEZCLA 5 QUESOS GOURMET,,,,,Kilogramo,,"6,100","15,000","1,000","18,440","1,660",,"1,230",,"6,67","2,890",,,
,,,,,,,,,,,,,,,,,,,,,
,,,,,,,,,,,,,,,,,,,,,
7UP50,,* PET 7UP ZERO 500ML,,,,,Unidad,,"48,000","12,000",,"18,000","42,000",,"0,000",,,"42,000",,,
,,,,,,,,,,,,,,,,,,,,,
,,,,,,,,,,,,,,,,,,,,,
ABRG,,* SALSA AMERICAN BURGER 220ML,,,,,Kilogramo,,"3,415","1,760",,"3,235","1,940",,"0,000",,,"1,940",,,
,,,,,,,,,,,,,,,,,,,,,
,,,,,,,,,,,,,,,,,,,,,
ACE,,* ACEITE DE OLIVA  AJO (TP),,,,,Litro,,"3,824","1,000",,"2,774","2,050",,"0,000",,,"2,050",,,
,,,,,,,,,,,,,,,,,,,,,
,,,,,,,,,,,,,,,,,,,,,
ACOSP,,* ACEITE OLIVA SPRAY,,,,,Gramo,,"515,000",,,"170,030","344,970",,"720,406",,"100,00","1.065,376",,,
,,,,,,,,,,,,,,,,,,,,,
,,,,,,,,,,,,,,,,,,,,,
AEG,,* ALITAS ENVASE GRANDE,,,,,Unidad,,"2.418,000",,,,"2.418,000",,"0,000",,,"2.418,000",,,
,,,,,,,,,,,,,,,,,,,,,
,,,,,,,,,,,,,,,,,,,,,
AF15,,"* BOTELLA AGUA 1,5L FONTVELLA",,,,,Unidad,,"42,000","42,000",,"65,000","19,000",,"0,000",,,"19,000",,,
,,,,,,,,,,,,,,,,,,,,,
,,,,,,,,,,,,,,,,,,,,,
AF50,,"* BOTELLA AGUA 0,5L FONTVELLA",,,,,Unidad,,"176,000","324,000",,"256,000","244,000",,"0,000",,,"244,000",,,
,,,,,,,,,,,,,,,,,,,,,
,,,,,,,,,,,,,,,,,,,,,
AGLA,,* ZZ AZUCAR GLASS 250 GR,,,,,Kilogramo,,"0,397",,,,"0,397",,"0,000",,,"0,397",,,
,,,,,,,,,,,,,,,,,,,,,
,,,,,,,,,,,,,,,,,,,,,
AN,,* ACEITUNAS NEGRAS,,,,,Kilogramo,,"15,419","7,520",,"11,685","11,254",,"0,936",,"8,01","12,190",,,
,,,,,,,,,,,,,,,,,,,,,
,,,,,,,,,,,,,,,,,,,,,
ANCA,,* PET AQUARADE NARANJA ZERO 1.50,,,,,Unidad,,"0,000",,,,"0,000",,"0,000",,,"0,000",,,
,,,,,,,,,,,,,,,,,,,,,
,,,,,,,,,,,,,,,,,,,,,
APRE,,* ME ALITAS DE POLLO PREFRITA,,,,,Kilogramo,,"6,382","12,000",,"5,481","12,901",,"2,000",,"36,49","14,901",,,
,,,,,,,,,,,,,,,,,,,,,
,,,,,,,,,,,,,,,,,,,,,
AQL33,,* LATA AQUARADE LIMON ZERO,,,,,Unidad,,"130,000",,,"59,000","71,000",,"0,000",,,"71,000",,,
,,,,,,,,,,,,,,,,,,,,,
,,,,,,,,,,,,,,,,,,,,,
AQL50,,* PET AQUARADE LIMON ZERO 500ML,,,,,Unidad,,"49,000","24,000",,"9,000","64,000",,"0,000",,,"64,000",,,
,,,,,,,,,,,,,,,,,,,,,
,,,,,,,,,,,,,,,,,,,,,
AQN33,,* LATA AQUARADE NARANJA ZERO,,,,,Unidad,,"89,000",,,"32,000","57,000",,"0,000",,,"57,000",,,
,,,,,,,,,,,,,,,,,,,,,
,,,,,,,,,,,,,,,,,,,,,
AQN50,,* PET AQUARADE NARANJA ZERO 500M,,,,,Unidad,,"0,000","24,000",,"7,000","17,000",,"2,000",,"28,57","19,000",,,
,,,,,,,,,,,,,,,,,,,,,
,,,,,,,,,,,,,,,,,,,,,
ARCEB,,* AROS DE CEBOLLA,,,,,Kilogramo,,"5,865",,,"2,208","3,657",,"-0,154",,"-6,97","3,503",,,
,,,,,,,,,,,,,,,,,,,,,
,,,,,,,,,,,,,,,,,,,,,
AT,,* ATUN,,,,,Kilogramo,,"9,872","22,320",,"14,866","17,326",,"1,236",,"8,31","18,562",,,
,,,,,,,,,,,,,,,,,,,,,
,,,,,,,,,,,,,,,,,,,,,
ATN,,* ALITAS DE POLLO NORMAL,,,,,Kilogramo,,"7,475","36,000",,"21,011","22,464",,"-1,785",,"-8,50","20,679",,,
,,,,,,,,,,,,,,,,,,,,,
,,,,,,,,,,,,,,,,,,,,,
AZNE,,* AZUCAR 8 GR NESPRESSO,,,,,Unidad,,"13,000",,,"48,000","-35,000",,"35,000",,"72,92","0,000",,,
,,,,,,,,,,,,,,,,,,,,,
,,,,,,,,,,,,,,,,,,,,,
BA,,* BACON FRANQUI,,,,,Kilogramo,,"14,746","132,000",,"123,689","23,057",,"0,000",,,"23,057",,,
,,,,,,,,,,,,,,,,,,,,,
,,,,,,,,,,,,,,,,,,,,,
BBQH,,* ME SALSA BBQ HONEY 32X45GR,,,,,Unidad,,"51,000","32,000",,"25,000","58,000",,"-19,000",,"-76,00","39,000",,,
,,,,,,,,,,,,,,,,,,,,,
,,,,,,,,,,,,,,,,,,,,,
BCC,,* BARRIL CRUZCAMPO,,,,,Litro,,"0,000","30,000",,,"30,000",,"0,000",,,"30,000",,,
,,,,,,,,,,,,,,,,,,,,,
,,,,,,,,,,,,,,,,,,,,,
BCHE,,* BORDE QUESO CLASICO 6KG,,,,,Kilogramo,,"6,140",,,"2,040","4,100",,"0,000",,,"4,100",,,
,,,,,,,,,,,,,,,,,,,,,
,,,,,,,,,,,,,,,,,,,,,
BCHI,,* YY BORDE QUESO PICANTON 6KG,,,,,Kilogramo,,"1,458",,,,"1,458",,"0,000",,,"1,458",,,
,,,,,,,,,,,,,,,,,,,,,
,,,,,,,,,,,,,,,,,,,,,
BCK,,* BARRIL HEINEKEN,,,,,Litro,,"55,590","60,000",,"33,900","81,690",,"0,000",,,"81,690",,,
,,,,,,,,,,,,,,,,,,,,,
,,,,,,,,,,,,,,,,,,,,,
BCRY5,,* BACON CRISPY,,,,,Kilogramo,,"5,964","38,400","1,600","13,493","29,271",,"0,000",,,"29,271",,,
,,,,,,,,,,,,,,,,,,,,,
,,,,,,,,,,,,,,,,,,,,,
BDOS05,," BOTELLA DOSIFICADOR 0,5L",,,,,Unidad,,"2,000",,,,"2,000",,"0,000",,,"2,000",,,
,,,,,,,,,,,,,,,,,,,,,
,,,,,,,,,,,,,,,,,,,,,
BDOS1,, BOTELLA DOSIFICADOR 1L,,,,,Unidad,,"16,000",,,,"16,000",,"0,000",,,"16,000",,,
,,,,,,,,,,,,,,,,,,,,,
,,,,,,,,,,,,,,,,,,,,,
BEBR,,* BERENJENA BRASEADA,,,,,Kilogramo,,"6,549",,,"0,934","5,615",,"0,044",,"4,71","5,659",,,
,,,,,,,,,,,,,,,,,,,,,
BF,,* BOLA FAMILIAR,,,,,Bola,,"120,000","742,000",,"475,000","387,000",,"-69,000",,"-14,53","318,000",,,
,,,,,,,,,,,,,,,,,,,,,
,,,,,,,,,,,,,,,,,,,,,
BFM28,,* BASE FINA MEDIANA 280 MM,,,,,Unidad,,"51,000","80,000",,"111,000","20,000",,"-16,000",,"-14,41","4,000",,,
,,,,,,,,,,,,,,,,,,,,,
,,,,,,,,,,,,,,,,,,,,,
BITA,,* BORDE QUESO MEDITERRANEO 6KG,,,,,Kilogramo,,"3,988",,,"2,040","1,948",,"0,000",,,"1,948",,,
,,,,,,,,,,,,,,,,,,,,,
,,,,,,,,,,,,,,,,,,,,,
BKME,,* ZZ BOLA CACAO MEDIANA,,,,,Bola,,"21,000",,,"2,000","19,000",,"0,000",,,"19,000",,,
,,,,,,,,,,,,,,,,,,,,,
,,,,,,,,,,,,,,,,,,,,,
BLOO,,* ME SALSA BLOODY ONION,,,,,Unidad,,"52,000",,,"5,000","47,000",,"-37,000",,"-100,00","10,000",,,
,,,,,,,,,,,,,,,,,,,,,
,,,,,,,,,,,,,,,,,,,,,
BLSCMP,,* BOLSA COMPLEMENTOS,,,,,Unidad,,"722,000","250,000",,"105,000","867,000",,"0,000",,,"867,000",,,
,,,,,,,,,,,,,,,,,,,,,
,,,,,,,,,,,,,,,,,,,,,
BM,,* BOLA MEDIANA,,,,,Bola,,"416,000","2.430,000",,"1.929,000","917,000",,"-114,000",,"-5,91","803,000",,,
,,,,,,,,,,,,,,,,,,,,,
,,,,,,,,,,,,,,,,,,,,,
BP,,* BOLA PEQUE?A,,,,,Bola,,"72,500","2.800,000",,"2.158,250","714,250",,"217,000",,"10,05","931,250",,,
,,,,,,,,,,,,,,,,,,,,,
,,,,,,,,,,,,,,,,,,,,,
BPAD,, BOLSA PAPEL DOMICILIO,,,,,Unidad,,"700,000","500,000",,,"1.200,000",,"-513,000",,,"687,000",,,
,,,,,,,,,,,,,,,,,,,,,
,,,,,,,,,,,,,,,,,,,,,
BPAT,,* ME BOLSA PATATAS MENEO,,,,,Unidad,,"415,000",,,"77,000","338,000",,"0,000",,,"338,000",,,
,,,,,,,,,,,,,,,,,,,,,
,,,,,,,,,,,,,,,,,,,,,
BPDM,,* ME BOLSA PAPEL DOMICILIO MENEO,,,,,Unidad,,"792,000",,,"220,000","572,000",,"49,000",,"22,27","621,000",,,
,,,,,,,,,,,,,,,,,,,,,
,,,,,,,,,,,,,,,,,,,,,
BQCH6,,* YY BORDE QUESO CHORIZO 6KG,,,,,Kilogramo,,"5,898",,,"0,102","5,796",,"0,000",,,"5,796",,,
,,,,,,,,,,,,,,,,,,,,,
,,,,,,,,,,,,,,,,,,,,,
BSA,,* BOLA SUPER AHORRO,,,,,Bola,,"22,000",,,"10,000","12,000",,"0,000",,,"12,000",,,
,,,,,,,,,,,,,,,,,,,,,
,,,,,,,,,,,,,,,,,,,,,
C250,,* MP - CEBOLLA CORTADA 250 GR,,,,,Kilogramo,,"0,000",,,,"0,000",,"0,000",,,"0,000",,,
,,,,,,,,,,,,,,,,,,,,,
,,,,,,,,,,,,,,,,,,,,,
CA,,* CARNE,,,,,Kilogramo,,"13,044","84,000",,"85,089","11,955",,"0,799",,"0,94","12,754",,,
,,,,,,,,,,,,,,,,,,,,,
,,,,,,,,,,,,,,,,,,,,,
CACHA,,* CAJA COMBO HAMBURGUESA,,,,,Unidad,,"128,000",,,"36,000","92,000",,"12,000",,"33,33","104,000",,,
,,,,,,,,,,,,,,,,,,,,,
,,,,,,,,,,,,,,,,,,,,,
CACOO,,* CAJA COOKIE 2025,,,,,Unidad,,"529,000",,,"39,000","490,000",,"-136,000",,"-100,00","354,000",,,
,,,,,,,,,,,,,,,,,,,,,
,,,,,,,,,,,,,,,,,,,,,
CAFF2,,* CAFE INTENSO,,,,,Unidad,,"340,000",,,,"340,000",,"0,000",,,"340,000",,,
,,,,,,,,,,,,,,,,,,,,,
,,,,,,,,,,,,,,,,,,,,,
CAJU,,* ME SAZONADOR CAJUN APIO,,,,,Kilogramo,,"0,776","0,500",,"0,108","1,168",,"0,250",,"100,00","1,418",,,
,,,,,,,,,,,,,,,,,,,,,
,,,,,,,,,,,,,,,,,,,,,
CAKE,,* CAJA COMBO 2025,,,,,Unidad,,"115,000","100,000",,"86,000","129,000",,"-59,000",,"-68,60","70,000",,,
,,,,,,,,,,,,,,,,,,,,,
,,,,,,,,,,,,,,,,,,,,,
CASA,,* CAJA SANDWICH 2022,,,,,Unidad,,"165,000","50,000",,"131,000","84,000",,"147,000",,"100,00","231,000",,,
,,,,,,,,,,,,,,,,,,,,,
,,,,,,,,,,,,,,,,,,,,,
CC1S,,* CAJA COMPLEMENTOS 1 SALSA,,,,,Unidad,,"257,000","100,000",,"407,000","-50,000",,"50,000",,"12,29","0,000",,,
,,,,,,,,,,,,,,,,,,,,,
,,,,,,,,,,,,,,,,,,,,,
CCARM,,* CEBOLLA CARAMELIZADA MORENO,,,,,Kilogramo,,"9,578","6,000",,"5,396","10,182",,"-1,500",,"-27,80","8,682",,,
,,,,,,,,,,,,,,,,,,,,,
,,,,,,,,,,,,,,,,,,,,,
CCHME,,* ME CAJA COMBO HAMBURGUESA MENE,,,,,Unidad,,"168,000",,,"19,000","149,000",,"0,000",,,"149,000",,,
,,,,,,,,,,,,,,,,,,,,,
,,,,,,,,,,,,,,,,,,,,,
CCPOPS,,* POPS POLLO,,,,,Kilogramo,,"1,690","24,000","2,000","11,317","12,373",,"-0,316",,"-2,79","12,057",,,
,,,,,,,,,,,,,,,,,,,,,
,,,,,,,,,,,,,,,,,,,,,
CCRT,,* ME CRUNCHY CEBOLLA CRISPY TARR,,,,,Kilogramo,,"1,162",,,"0,302","0,860",,"0,000",,,"0,860",,,
,,,,,,,,,,,,,,,,,,,,,
,,,,,,,,,,,,,,,,,,,,,
CEN,,* CEBOLLA CONGELADA,,,,,Kilogramo,,"1,770","24,000",,"23,790","1,980",,"2,723",,"11,45","4,703",,,
,,,,,,,,,,,,,,,,,,,,,
,,,,,,,,,,,,,,,,,,,,,
CETQPZ,,* CELIACOS ETIQUETA PIZZAS,,,,,Unidad,,"33,000",,,"24,000","9,000",,"0,000",,,"9,000",,,
,,,,,,,,,,,,,,,,,,,,,
,,,,,,,,,,,,,,,,,,,,,
CF,,* CAJA FAMILIAR,,,,,Unidad,,"709,000","450,000",,"667,000","492,000",,"63,000",,"9,45","555,000",,,
,,,,,,,,,,,,,,,,,,,,,
,,,,,,,,,,,,,,,,,,,,,
CH,,* CHAMPI?ON,,,,,Kilogramo,,"47,864","24,000",,"62,082","9,782",,"10,000",,"16,11","19,782",,,
,,,,,,,,,,,,,,,,,,,,,
,,,,,,,,,,,,,,,,,,,,,
CHB4,,* TARRINA CHOCOLATE BELGA 460 ML,,,,,Unidad,,"25,000","16,000",,"15,000","26,000",,"1,000","-5,000",,"-40,00","20,000",,
,,,,,,,,,,,,,,,,,,,,,
,,,,,,,,,,,,,,,,,,,,,
CHB9,,* TARRINA CHOCOLATE BELGA 95 ML,,,,,Unidad,,"73,000",,,"4,000","69,000",,"-28,000",,"-100,00","41,000",,,
,,,,,,,,,,,,,,,,,,,,,
CHMI,,* ME CAJA HEXAGONAL MINI,,,,,Unidad,,"128,000",,,"58,000","70,000",,"49,000",,"84,48","119,000",,,
,,,,,,,,,,,,,,,,,,,,,
,,,,,,,,,,,,,,,,,,,,,
CHMX,,* ME CAJA HEXAGONAL MAXI,,,,,Unidad,,"187,000",,,"62,000","125,000",,"-11,000",,"-17,74","114,000",,,
,,,,,,,,,,,,,,,,,,,,,
,,,,,,,,,,,,,,,,,,,,,
CHORI,,* CHORIZO,,,,,Kilogramo,,"7,020","3,240",,"1,845","8,415",,"0,000",,,"8,415",,,
,,,,,,,,,,,,,,,,,,,,,
,,,,,,,,,,,,,,,,,,,,,
CHUN,,* ME CHUNKS DE POLLO 6X1KG,,,,,Kilogramo,,"5,854","12,000",,"5,170","12,684",,"0,000",,,"12,684",,,
,,,,,,,,,,,,,,,,,,,,,
,,,,,,,,,,,,,,,,,,,,,
CM,,* CAJA MEDIANA SIN ESQUINAS,,,,,Unidad,,"627,000","2.700,000",,"2.562,000","765,000",,"-148,000",,"-5,78","617,000",,,
,,,,,,,,,,,,,,,,,,,,,
,,,,,,,,,,,,,,,,,,,,,
CMI2,,* CAJA MENU INFANTIL 2020,,,,,Unidad,,"80,000","100,000",,,"180,000",,"-31,000",,,"149,000",,,
,,,,,,,,,,,,,,,,,,,,,
,,,,,,,,,,,,,,,,,,,,,
CMIC,,* CAJA PIZZA INFANTIL,,,,,Unidad,,"318,000",,,"10,000","308,000",,"-135,000",,"-100,00","173,000",,,
,,,,,,,,,,,,,,,,,,,,,
,,,,,,,,,,,,,,,,,,,,,
CNES,,* CAPSULAS NESPRESSO 50 UDS,,,,,Unidad,,"49,000",,,"48,000","1,000",,"0,000",,,"1,000",,,
,,,,,,,,,,,,,,,,,,,,,
,,,,,,,,,,,,,,,,,,,,,
CNO,,* YY CERDO NUEVA ORLEANS,,,,,Kilogramo,,"1,000",,,,"1,000",,"0,000",,,"1,000",,,
,,,,,,,,,,,,,,,,,,,,,
,,,,,,,,,,,,,,,,,,,,,
COC4,,* TARRINA COOKIES&CREAM 460 ML,,,,,Unidad,,"5,000","16,000",,"9,000","12,000",,"7,000",,"77,78","19,000",,,
,,,,,,,,,,,,,,,,,,,,,
,,,,,,,,,,,,,,,,,,,,,
COC9,,* TARRINA COOKIE&CREAM 95 ML,,,,,Unidad,,"51,000",,,"13,000","38,000",,"-8,000",,"-61,54","30,000",,,
,,,,,,,,,,,,,,,,,,,,,
,,,,,,,,,,,,,,,,,,,,,
COMCH,,* ME COPITA MULTICAPA CHOCOLATE,,,,,Unidad,,"21,000",,,"3,000","18,000",,"0,000",,,"18,000",,,
,,,,,,,,,,,,,,,,,,,,,
,,,,,,,,,,,,,,,,,,,,,
CONTO,,* CONCENTRADO DE TOMATE,,,,,Kilogramo,,"112,908","108,000",,"191,700","29,208",,"0,000",,,"29,208",,,
,,,,,,,,,,,,,,,,,,,,,
,,,,,,,,,,,,,,,,,,,,,
CORNXL,, ME CORTAVIENTOS NEGRO T XL,,,,,Unidad,,"1,000",,,,"1,000",,"0,000",,,"1,000",,,
,,,,,,,,,,,,,,,,,,,,,
,,,,,,,,,,,,,,,,,,,,,
COTCH,,* COOKIE TRIPLE CHOCOLATE,,,,,Unidad,,"0,000","90,000",,"39,000","51,000",,"0,000",,,"51,000",,,
,,,,,,,,,,,,,,,,,,,,,
,,,,,,,,,,,,,,,,,,,,,
CP,,* CAJA PEQUE?A,,,,,Unidad,,"70,000","200,000",,"107,000","163,000",,"-22,000",,"-20,56","141,000",,,
,,,,,,,,,,,,,,,,,,,,,
,,,,,,,,,,,,,,,,,,,,,
CPBBQ,,* CELIACOS PIZZA BARBACOA,,,,,Unidad,,"4,000","18,000",,"14,000","8,000",,"0,000",,,"8,000",,,
,,,,,,,,,,,,,,,,,,,,,
,,,,,,,,,,,,,,,,,,,,,
CPBX,, CAJA PEQUE?A TELEPIBOX,,,,,Unidad,,"55,000",,,,"55,000",,"12,000",,,"67,000",,,
,,,,,,,,,,,,,,,,,,,,,
,,,,,,,,,,,,,,,,,,,,,
CPCAR,,* CELIACOS PIZZA CARBONARA,,,,,Unidad,,"17,000",,,"5,000","12,000",,"0,000",,,"12,000",,,
,,,,,,,,,,,,,,,,,,,,,
,,,,,,,,,,,,,,,,,,,,,
CPGR,,* CHEETOS PANDILLA B.GRANDE 75GR,,,,,Unidad,,"20,000",,,"2,000","18,000",,"0,000",,,"18,000",,,
,,,,,,,,,,,,,,,,,,,,,
,,,,,,,,,,,,,,,,,,,,,
CPPQ,,* CHEETOS PANDILLA B.PEQ 31GR,,,,,Unidad,,"8,000",,,,"8,000",,"0,000",,,"8,000",,,
,,,,,,,,,,,,,,,,,,,,,
,,,,,,,,,,,,,,,,,,,,,
CPZ2,,* ZZ CAJA SWEET PIZZOLINOS,,,,,Unidad,,"60,000",,,"37,000","23,000",,"0,000",,,"23,000",,,
,,,,,,,,,,,,,,,,,,,,,
,,,,,,,,,,,,,,,,,,,,,
CPZJB,,* CELIACOS PIZZA YORK BACON,,,,,Unidad,,"10,000","18,000",,"12,000","16,000",,"0,000",,,"16,000",,,
,,,,,,,,,,,,,,,,,,,,,
,,,,,,,,,,,,,,,,,,,,,
CR,,* NATA DE LUXTOR,,,,,Kilogramo,,"0,000","56,000","3,000","58,616","-5,616",,"7,000",,"11,94","1,384",,,
,,,,,,,,,,,,,,,,,,,,,
,,,,,,,,,,,,,,,,,,,,,
CRBC,,* ME CRUNCHY BACON 500GR,,,,,Kilogramo,,"0,664","1,500",,"0,336","1,828",,"0,000",,,"1,828",,,
,,,,,,,,,,,,,,,,,,,,,
,,,,,,,,,,,,,,,,,,,,,
CRCH,,* ME CRUNCHY SPICY CHICKEN 500GR,,,,,Kilogramo,,"0,747","0,500",,"0,222","1,025",,"0,000",,,"1,025",,,
,,,,,,,,,,,,,,,,,,,,,
,,,,,,,,,,,,,,,,,,,,,
CRCM,,* ME CRUNCHY MANGO 500GR,,,,,Kilogramo,,"0,561","0,500",,"0,179","0,882",,"0,500",,"100,00","1,382",,,
,,,,,,,,,,,,,,,,,,,,,
,,,,,,,,,,,,,,,,,,,,,
CRIS,,* CRISTALINO,,,,,Kilogramo,,"4,073",,,"1,849","2,224",,"0,000",,,"2,224",,,
,,,,,,,,,,,,,,,,,,,,,
,,,,,,,,,,,,,,,,,,,,,
CRJA,,* ME CRUNCHY JALAPE?O 500GR,,,,,Kilogramo,,"0,600","0,500",,"0,020","1,080",,"0,000",,,"1,080",,,
,,,,,,,,,,,,,,,,,,,,,
,,,,,,,,,,,,,,,,,,,,,
CRPZ,, CORTADOR TOP 50,,,,,Unidad,,"50,000",,,,"50,000",,"0,000",,,"50,000",,,
,,,,,,,,,,,,,,,,,,,,,
,,,,,,,,,,,,,,,,,,,,,
CU?,, CU?A PARA PORCIONES,,,,,Unidad,,"9.750,000",,,,"9.750,000",,"0,000",,,"9.750,000",,,
,,,,,,,,,,,,,,,,,,,,,
,,,,,,,,,,,,,,,,,,,,,
DCHO,,* DANET CHOCO,,,,,Unidad,,"4,000","20,000",,"22,000","2,000",,"5,000",,"22,73","7,000",,,
,,,,,,,,,,,,,,,,,,,,,
DGI2,, ZZ DELANTAL Y GORRO INFANTIL 2,,,,,Unidad,,"676,000",,,,"676,000",,"0,000",,,"676,000",,,
,,,,,,,,,,,,,,,,,,,,,
,,,,,,,,,,,,,,,,,,,,,
DJL,, YY DIORAMA JUSTICE LEAGUE,,,,,Unidad,,"266,000",,,"2,000","264,000",,"0,000",,,"264,000",,,
,,,,,,,,,,,,,,,,,,,,,
,,,,,,,,,,,,,,,,,,,,,
DOGR,,* DORITOS TEX MEX (160GR),,,,,Unidad,,"10,000",,,,"10,000",,"0,000",,,"10,000",,,
,,,,,,,,,,,,,,,,,,,,,
,,,,,,,,,,,,,,,,,,,,,
DOPQ,,* DORITOS TEX MEX B.PEQ 44GR,,,,,Unidad,,"13,000",,,,"13,000",,"0,000",,,"13,000",,,
,,,,,,,,,,,,,,,,,,,,,
,,,,,,,,,,,,,,,,,,,,,
DPOU,,* DANONINO BEBEDINO FRESA,,,,,Unidad,,"5,000","44,000",,"38,000","11,000",,"-2,000",,"-5,26","9,000",,,
,,,,,,,,,,,,,,,,,,,,,
,,,,,,,,,,,,,,,,,,,,,
ENVMN,, ENVASE MINIS (TP),,,,,Unidad,,"100,000",,,,"100,000",,"0,000",,,"100,000",,,
,,,,,,,,,,,,,,,,,,,,,
,,,,,,,,,,,,,,,,,,,,,
EQ,,* TOPPING PARA MOZZARELLA,,,,,Kilogramo,,"136,480","720,000",,"594,108","262,372",,"-1,000",,"-0,17","261,372",,,
,,,,,,,,,,,,,,,,,,,,,
,,,,,,,,,,,,,,,,,,,,,
ESAM,,* ME ETIQUETA SALSERA MENEO RAME,,,,,Unidad,,"610,000","500,000",,"66,000","1.044,000",,"0,000",,,"1.044,000",,,
,,,,,,,,,,,,,,,,,,,,,
,,,,,,,,,,,,,,,,,,,,,
ETBI,, ETIQUETA BLANCA 55X50 IMPRESOR,,,,,Unidad,,"8.000,000",,,,"8.000,000",,"0,000",,,"8.000,000",,,
,,,,,,,,,,,,,,,,,,,,,
,,,,,,,,,,,,,,,,,,,,,
EU66,,* ENVASE EUROAHORRO 660 UDS,,,,,Unidad,,"659,000",,,,"659,000",,"0,000",,,"659,000",,,
,,,,,,,,,,,,,,,,,,,,,
,,,,,,,,,,,,,,,,,,,,,
EWRAP,,* MP - ENVASE WRAP,,,,,Unidad,,"27,000",,,"9,000","18,000",,"34,000",,"100,00","52,000",,,
,,,,,,,,,,,,,,,,,,,,,
,,,,,,,,,,,,,,,,,,,,,
FANMI,,* FANTASMIKOS,,,,,Unidad,,"63,000",,,"9,000","54,000",,"-6,000",,"-66,67","48,000",,,
,,,,,,,,,,,,,,,,,,,,,
,,,,,,,,,,,,,,,,,,,,,
FINQ,,* CRUJIENTES (FINGERS) DE QUE,,,,,Kilogramo,,"0,000",,,,"0,000",,"0,000",,,"0,000",,,
,,,,,,,,,,,,,,,,,,,,,
,,,,,,,,,,,,,,,,,,,,,
GAMBC,,* YY GAMBA COCIDA,,,,,Kilogramo,,"1,181","5,400",,"2,676","3,905",,"0,000",,,"3,905",,,
,,,,,,,,,,,,,,,,,,,,,
,,,,,,,,,,,,,,,,,,,,,
GUINF,, GUANTES INFANTIL 2020,,,,,Unidad,,"119,000",,,,"119,000",,"0,000",,,"119,000",,,
,,,,,,,,,,,,,,,,,,,,,
,,,,,,,,,,,,,,,,,,,,,
HAMPR,,* HAMBURGUESA POLLO REBOZADA 100,,,,,Kilogramo,,"6,151","15,000",,"3,500","17,651",,"-3,651",,"-100,00","14,000",,,
,,,,,,,,,,,,,,,,,,,,,
,,,,,,,,,,,,,,,,,,,,,
HAMSV,,* HAMBURGUESA SMASH VACUNO,,,,,Kilogramo,,"6,462","6,720",,"4,680","8,502",,"-0,360",,"-7,69","8,142",,,
,,,,,,,,,,,,,,,,,,,,,
,,,,,,,,,,,,,,,,,,,,,
HAR,,* SEMOLA DE ROBLE,,,,,Kilogramo,,"0,000","230,000",,"92,434","137,566",,"-20,000",,"-21,64","117,566",,,
,,,,,,,,,,,,,,,,,,,,,
,,,,,,,,,,,,,,,,,,,,,
JA,,* JAMON FRANQUI,,,,,Kilogramo,,"21,798","48,000",,"54,958","14,840",,"0,000",,,"14,840",,,
,,,,,,,,,,,,,,,,,,,,,
,,,,,,,,,,,,,,,,,,,,,
JIBE,,* JAMON IBERICO,,,,,Kilogramo,,"2,250","1,920",,"2,550","1,620",,"0,000",,,"1,620",,,
,,,,,,,,,,,,,,,,,,,,,
,,,,,,,,,,,,,,,,,,,,,
KHD,,* SOBRES KETCHUP,,,,,Unidad,,"561,000","275,000",,"260,000","576,000",,"0,000",,,"576,000",,,
,,,,,,,,,,,,,,,,,,,,,
,,,,,,,,,,,,,,,,,,,,,
KIKAM,,* KIT KAT MIX,,,,,Kilogramo,,"8,990",,,"1,450","7,540",,"0,000",,,"7,540",,,
,,,,,,,,,,,,,,,,,,,,,
,,,,,,,,,,,,,,,,,,,,,
KL500,,* PET KAS LIMON 500ML,,,,,Unidad,,"16,000","12,000",,"9,000","19,000",,"0,000",,,"19,000",,,
,,,,,,,,,,,,,,,,,,,,,
,,,,,,,,,,,,,,,,,,,,,
KLZ33,,* LATA KAS LIMON,,,,,Unidad,,"47,000",,,"21,000","26,000",,"0,000",,,"26,000",,,
,,,,,,,,,,,,,,,,,,,,,
,,,,,,,,,,,,,,,,,,,,,
KN500,,* PET KAS NARANJA 500ML,,,,,Unidad,,"25,000","24,000",,"41,000","8,000",,"0,000",,,"8,000",,,
,,,,,,,,,,,,,,,,,,,,,
,,,,,,,,,,,,,,,,,,,,,
KNZ1L,,* PET KAS NARANJA 1L,,,,,Unidad,,"40,000","24,000",,"27,000","37,000",,"0,000",,,"37,000",,,
,,,,,,,,,,,,,,,,,,,,,
,,,,,,,,,,,,,,,,,,,,,
KNZ33,,* LATA KAS NARANJA,,,,,Unidad,,"66,000",,,"47,000","19,000",,"1,000","1,000",,"19,000",,,
,,,,,,,,,,,,,,,,,,,,,
,,,,,,,,,,,,,,,,,,,,,
L7UPZ,,* LATA 7UP ZERO,,,,,Unidad,,"108,000",,,"32,000","76,000",,"0,000",,,"76,000",,,
,,,,,,,,,,,,,,,,,,,,,
,,,,,,,,,,,,,,,,,,,,,
LA33,,* LATA CERVEZA AMSTEL 33CC,,,,,Unidad,,"58,000","24,000",,"27,000","55,000",,"0,000",,,"55,000",,,
,,,,,,,,,,,,,,,,,,,,,
,,,,,,,,,,,,,,,,,,,,,
LAGR,,* LAYS SAL B.GRANDE 160GR,,,,,Unidad,,"3,000",,,"4,000","-1,000",,"1,000",,"25,00","0,000",,,
,,,,,,,,,,,,,,,,,,,,,
,,,,,,,,,,,,,,,,,,,,,
LAPQ,,* LAYS SAL B.PEQ 44GR,,,,,Unidad,,"6,000","6,000",,,"12,000",,"0,000",,,"12,000",,,
,,,,,,,,,,,,,,,,,,,,,
,,,,,,,,,,,,,,,,,,,,,
LASF,,* LATA CERVEZA EL AGUILA S FILTR,,,,,Unidad,,"49,000","24,000",,"18,000","55,000",,"0,000",,,"55,000",,,
,,,,,,,,,,,,,,,,,,,,,
LCAR,,* LATA CERVEZA AMSTEL RADLER,,,,,Unidad,,"93,000","24,000",,,"117,000",,"0,000",,,"117,000",,,
,,,,,,,,,,,,,,,,,,,,,
,,,,,,,,,,,,,,,,,,,,,
LCB,,* LATA DE CERVEZA BUCKLER SIN AL,,,,,Unidad,,"47,000","48,000",,"14,000","81,000",,"0,000",,,"81,000",,,
,,,,,,,,,,,,,,,,,,,,,
,,,,,,,,,,,,,,,,,,,,,
LCC,,* LATA DE CERVEZA CRUZCAMPO,,,,,Unidad,,"38,000","72,000",,"26,000","84,000",,"0,000",,,"84,000",,,
,,,,,,,,,,,,,,,,,,,,,
,,,,,,,,,,,,,,,,,,,,,
LCCS,,* LATA CERVEZA CRUZCAMPO 0.0,,,,,Unidad,,"0,000",,,,"0,000",,"0,000",,,"0,000",,,
,,,,,,,,,,,,,,,,,,,,,
,,,,,,,,,,,,,,,,,,,,,
LCH,,* LATA DE CERVEZA HEINEKEN,,,,,Unidad,,"38,000","96,000",,"42,000","92,000",,"0,000",,,"92,000",,,
,,,,,,,,,,,,,,,,,,,,,
,,,,,,,,,,,,,,,,,,,,,
LDES,,* LATA DESPERADOS 50 CC,,,,,Unidad,,"54,000",,,"4,000","50,000",,"0,000",,,"50,000",,,
,,,,,,,,,,,,,,,,,,,,,
,,,,,,,,,,,,,,,,,,,,,
LMA5,,* PET LIPTON MANGO MARACUYA 500,,,,,Unidad,,"20,000",,,"1,000","19,000",,"0,000",,,"19,000",,,
,,,,,,,,,,,,,,,,,,,,,
,,,,,,,,,,,,,,,,,,,,,
LMEN,,* ZZ LATA MONSTER ENERGY,,,,,Unidad,,"32,000",,,,"32,000",,"0,000",,,"32,000",,,
,,,,,,,,,,,,,,,,,,,,,
,,,,,,,,,,,,,,,,,,,,,
LMML,,* ZZ LATA MONSTER MANGO LOCO,,,,,Unidad,,"29,000",,,,"29,000",,"0,000",,,"29,000",,,
,,,,,,,,,,,,,,,,,,,,,
,,,,,,,,,,,,,,,,,,,,,
LMUW,,* ZZ LATA MONSTER ULTRA WHITE,,,,,Unidad,,"27,000",,,,"27,000",,"0,000",,,"27,000",,,
,,,,,,,,,,,,,,,,,,,,,
,,,,,,,,,,,,,,,,,,,,,
LMZE,,* ZZ LATA MONSTER ZERO,,,,,Unidad,,"24,000",,,,"24,000",,"0,000",,,"24,000",,,
,,,,,,,,,,,,,,,,,,,,,
,,,,,,,,,,,,,,,,,,,,,
LRBG,,* LATA RED BULL ICE GUMMY 250 ML,,,,,Unidad,,"21,000",,,,"21,000",,"0,000",,,"21,000",,,
,,,,,,,,,,,,,,,,,,,,,
,,,,,,,,,,,,,,,,,,,,,
LRBR,,* LATA RED BULL 250 ML (ENERGY D,,,,,Unidad,,"41,000",,,"9,000","32,000",,"0,000",,,"32,000",,,
,,,,,,,,,,,,,,,,,,,,,
,,,,,,,,,,,,,,,,,,,,,
LRBW,,* LATA RED BULL WATERMELON 250 M,,,,,Unidad,,"0,000",,,"4,000","-4,000",,"4,000",,"100,00","0,000",,,
,,,,,,,,,,,,,,,,,,,,,
,,,,,,,,,,,,,,,,,,,,,
LT500,,* PET LIPTON ZERO 500ML,,,,,Unidad,,"40,000","24,000",,"52,000","12,000",,"0,000",,,"12,000",,,
,,,,,,,,,,,,,,,,,,,,,
,,,,,,,,,,,,,,,,,,,,,
LTZ33,,* LATA LIPTON ZERO,,,,,Unidad,,"102,000",,,"61,000","41,000",,"0,000",,,"41,000",,,
,,,,,,,,,,,,,,,,,,,,,
,,,,,,,,,,,,,,,,,,,,,
MAC4,,* TARRINA MACADAMIA 460 ML,,,,,Unidad,,"3,000","20,000",,"21,000","2,000",,"11,000",,"52,38","13,000",,,
,,,,,,,,,,,,,,,,,,,,,
,,,,,,,,,,,,,,,,,,,,,
MAC9,,* TARRINA MACADAMIA 95 ML,,,,,Unidad,,"120,000",,,"6,000","114,000",,"-50,000",,"-100,00","64,000",,,
,,,,,,,,,,,,,,,,,,,,,
,,,,,,,,,,,,,,,,,,,,,
MCO17,, MANTELES COLEGIOS 2017,,,,,Unidad,,"200,000",,,,"200,000",,"0,000",,,"200,000",,,
,,,,,,,,,,,,,,,,,,,,,
,,,,,,,,,,,,,,,,,,,,,
MHD,,* SOBRES MOSTAZA,,,,,Unidad,,"1.134,000",,,"9,000","1.125,000",,"0,000",,,"1.125,000",,,
,,,,,,,,,,,,,,,,,,,,,
,,,,,,,,,,,,,,,,,,,,,
MIGAS,,* ZZ MIGAS,,,,,Kilogramo,,"0,000",,,,"0,000",,"0,000",,,"0,000",,,
,,,,,,,,,,,,,,,,,,,,,
,,,,,,,,,,,,,,,,,,,,,
MIKPZ,,* MIKOLAPIZ,,,,,Unidad,,"52,000",,,"17,000","35,000",,"0,000",,,"35,000",,,
,,,,,,,,,,,,,,,,,,,,,
,,,,,,,,,,,,,,,,,,,,,
MOBIT,,* MOZZARELLA BITES,,,,,Kilogramo,,"1,784","13,000","1,000","10,200","3,584",,"0,173",,"1,70","3,757",,,
,,,,,,,,,,,,,,,,,,,,,
,,,,,,,,,,,,,,,,,,,,,
MXFS,,* MIX FLORES SECAS 50GR,,,,,Gramo,,"69,000","50,000",,"26,000","93,000",,"-24,000",,"-92,31","69,000",,,
,,,,,,,,,,,,,,,,,,,,,
,,,,,,,,,,,,,,,,,,,,,
NUGGET,,* NUGGETS,,,,,Kilogramo,,"4,463","10,800","2,000","7,140","6,123",,"2,615",,"36,62","8,738",,,
,,,,,,,,,,,,,,,,,,,,,
,,,,,,,,,,,,,,,,,,,,,
ORE,,* OREGANO MOLIDO,,,,,Kilogramo,,"0,852",,,"0,095","0,757",,"0,000",,,"0,757",,,
,,,,,,,,,,,,,,,,,,,,,
,,,,,,,,,,,,,,,,,,,,,
PAGM,,* ME PAPEL ANTIGRASA MENEO,,,,,Unidad,,"1.906,000",,,"248,000","1.658,000",,"0,000",,,"1.658,000",,,
,,,,,,,,,,,,,,,,,,,,,
,,,,,,,,,,,,,,,,,,,,,
PAHCOM,, PAPEL DE HORNO PARA COMPLEMENT,,,,,Unidad,,"3.050,000","4.500,000",,,"7.550,000",,"0,000",,,"7.550,000",,,
,,,,,,,,,,,,,,,,,,,,,
,,,,,,,,,,,,,,,,,,,,,
PANT,,* PAPEL ANTIGRASA,,,,,Unidad,,"1.929,545",,,"120,000","1.809,545",,"0,000",,,"1.809,545",,,
,,,,,,,,,,,,,,,,,,,,,
,,,,,,,,,,,,,,,,,,,,,
PANTRO,,* BACON ASADO TROCEADO 6X500GR,,,,,Kilogramo,,"3,780","3,000","1,000","1,160","4,620",,"-1,000",,"-86,21","3,620",,,
,,,,,,,,,,,,,,,,,,,,,
,,,,,,,,,,,,,,,,,,,,,
PAXL,,* PAPEL ANTIGRASA XL,,,,,Unidad,,"2.390,000",,,"67,000","2.323,000",,"0,000",,,"2.323,000",,,
,,,,,,,,,,,,,,,,,,,,,
,,,,,,,,,,,,,,,,,,,,,
PBB3,,* PAN BURGER BRIOCHE 30 UDS,,,,,Unidad,,"18,000","120,000",,"86,000","52,000",,"12,000",,"13,95","64,000",,,
,,,,,,,,,,,,,,,,,,,,,
PE,,* PEPPERONI,,,,,Kilogramo,,"1,464","34,000",,"35,495","-0,031",,"2,907",,"8,19","2,876",,,
,,,,,,,,,,,,,,,,,,,,,
,,,,,,,,,,,,,,,,,,,,,
PEGM,, PEGATINAS MINIS (TP),,,,,Unidad,,"8.000,000",,,,"8.000,000",,"0,000",,,"8.000,000",,,
,,,,,,,,,,,,,,,,,,,,,
,,,,,,,,,,,,,,,,,,,,,
PGL1,, PEGATINA LUMINOSA TPZ 1,,,,,Unidad,,"0,000","150,000",,,"150,000",,"0,000",,,"150,000",,,
,,,,,,,,,,,,,,,,,,,,,
,,,,,,,,,,,,,,,,,,,,,
PGL2,, PEGATINA LUMINOSA TPZ 2,,,,,Unidad,,"0,000","150,000",,,"150,000",,"0,000",,,"150,000",,,
,,,,,,,,,,,,,,,,,,,,,
,,,,,,,,,,,,,,,,,,,,,
PGTP,,* PATATAS GAJO  (TP),,,,,Kilogramo,,"9,150","60,000",,"58,350","10,800",,"0,000",,,"10,800",,,
,,,,,,,,,,,,,,,,,,,,,
,,,,,,,,,,,,,,,,,,,,,
PI,,* PI?A,,,,,Kilogramo,,"35,183","11,040","1,840","14,569","29,814",,"-3,680",,"-25,26","26,134",,,
,,,,,,,,,,,,,,,,,,,,,
,,,,,,,,,,,,,,,,,,,,,
PIKN,,* ME SALSA PICANTONA 32X45GR,,,,,Unidad,,"85,000",,,"6,000","79,000",,"-26,000",,"-100,00","53,000",,,
,,,,,,,,,,,,,,,,,,,,,
,,,,,,,,,,,,,,,,,,,,,
PKTAI,,* PASTA KATAIFI 500GR,,,,,Kilogramo,,"1,000",,,"0,700","0,300",,"0,000",,,"0,300",,,
,,,,,,,,,,,,,,,,,,,,,
,,,,,,,,,,,,,,,,,,,,,
PMASD,,* PIMIENTO ASADO,,,,,Kilogramo,,"4,343","12,000",,"16,176","0,167",,"7,467",,"46,16","7,634",,,
,,,,,,,,,,,,,,,,,,,,,
,,,,,,,,,,,,,,,,,,,,,
PNFCC,,* PAN FOCACCIA,,,,,Unidad,,"27,000",,,"8,000","19,000",,"0,000",,,"19,000",,,
,,,,,,,,,,,,,,,,,,,,,
,,,,,,,,,,,,,,,,,,,,,
PR1L,,* PET PEPSI REGULAR 1L,,,,,Unidad,,"105,000","48,000",,"100,000","53,000",,"0,000",,,"53,000",,,
,,,,,,,,,,,,,,,,,,,,,
,,,,,,,,,,,,,,,,,,,,,
PR33,,* LATA PEPSI REGULAR,,,,,Unidad,,"186,000","168,000",,"203,000","151,000",,"0,000",,,"151,000",,,
,,,,,,,,,,,,,,,,,,,,,
,,,,,,,,,,,,,,,,,,,,,
PR500,,* PET PEPSI REGULAR 500ML,,,,,Unidad,,"96,000","24,000",,"126,000","-6,000",,"6,000",,"4,76","0,000",,,
,,,,,,,,,,,,,,,,,,,,,
,,,,,,,,,,,,,,,,,,,,,
PUBE,,* YY PULLED BEEF,,,,,Kilogramo,,"0,000",,,,"0,000",,"0,000",,,"0,000",,,
,,,,,,,,,,,,,,,,,,,,,
,,,,,,,,,,,,,,,,,,,,,
PUPO,,* PULLED PORK REFRIGERADO 500GR,,,,,Kilogramo,,"11,189","4,000",,"8,305","6,884",,"0,000",,,"6,884",,,
,,,,,,,,,,,,,,,,,,,,,
,,,,,,,,,,,,,,,,,,,,,
PVN,,* PIMIENTO VERDE CONGELADO,,,,,Kilogramo,,"5,888","12,000",,"11,551","6,337",,"0,000",,,"6,337",,,
,,,,,,,,,,,,,,,,,,,,,
,,,,,,,,,,,,,,,,,,,,,
PZ1L,,* PET PEPSI ZERO 1L,,,,,Unidad,,"61,000","24,000",,"54,000","31,000",,"0,000",,,"31,000",,,
,,,,,,,,,,,,,,,,,,,,,
,,,,,,,,,,,,,,,,,,,,,
PZ33,,* LATA PEPSI ZERO,,,,,Unidad,,"131,000","72,000",,"76,000","127,000",,"0,000",,,"127,000",,,
,,,,,,,,,,,,,,,,,,,,,
,,,,,,,,,,,,,,,,,,,,,
PZ500,,* PET PEPSI ZERO 500ML,,,,,Unidad,,"69,000","72,000",,"98,000","43,000",,"0,000",,,"43,000",,,
,,,,,,,,,,,,,,,,,,,,,
,,,,,,,,,,,,,,,,,,,,,
QCAB,,* QUESO CABRA,,,,,Kilogramo,,"2,611","21,000","2,000","16,055","5,556",,"-0,238",,"-1,48","5,318",,,
,,,,,,,,,,,,,,,,,,,,,
,,,,,,,,,,,,,,,,,,,,,
QCHDNP,,* QUESO CHEDDAR NARANJA PICADO,,,,,Kilogramo,,"3,856","8,000",,"9,781","2,075",,"-0,662",,"-6,77","1,413",,,
,,,,,,,,,,,,,,,,,,,,,
,,,,,,,,,,,,,,,,,,,,,
QCHLO,,* QUESO CHEDDAR LONCHAS,,,,,Kilogramo,,"2,940",,,"2,260","0,680",,"0,400",,"17,70","1,080",,,
,,,,,,,,,,,,,,,,,,,,,
,,,,,,,,,,,,,,,,,,,,,
QFCPJ,,* QUESO FUNDIDO IRL,,,,,Gramo,,"1.565,000",,,"879,000","686,000",,"0,000",,,"686,000",,,
,,,,,,,,,,,,,,,,,,,,,
,,,,,,,,,,,,,,,,,,,,,
QPRO,,* QUESO PROVOLONE,,,,,Kilogramo,,"0,000","29,000",,"19,919","9,081",,"-2,000",,"-10,04","7,081",,,
,,,,,,,,,,,,,,,,,,,,,
,,,,,,,,,,,,,,,,,,,,,
QRG,,* ZZ QUESO RALLADO GRATINAR,,,,,Kilogramo,,"0,000",,,,"0,000",,"0,000",,,"0,000",,,
,,,,,,,,,,,,,,,,,,,,,
,,,,,,,,,,,,,,,,,,,,,
QSBR,,* QUESO SBRINZ,,,,,Kilogramo,,"3,283","11,000",,"8,459","5,824",,"-1,000",,"-11,82","4,824",,,
,,,,,,,,,,,,,,,,,,,,,
,,,,,,,,,,,,,,,,,,,,,
QTRU,,* QUESO TRUFADO 1 KG,,,,,Kilogramo,,"0,960","3,000",,"2,080","1,880",,"0,000",,,"1,880",,,
,,,,,,,,,,,,,,,,,,,,,
,,,,,,,,,,,,,,,,,,,,,
RINCHE,,* RING DE CHEDDAR,,,,,Kilogramo,,"0,471","12,000",,"5,210","7,261",,"-0,094",,"-1,80","7,167",,,
,,,,,,,,,,,,,,,,,,,,,
,,,,,,,,,,,,,,,,,,,,,
RJGR,,* RUFFLES JAMON B.GRANDE 150GR,,,,,Unidad,,"2,000",,,,"2,000",,"0,000",,,"2,000",,,
,,,,,,,,,,,,,,,,,,,,,
,,,,,,,,,,,,,,,,,,,,,
RJPQ,,* RUFFLES JAMON B.PEQ 45GR,,,,,Unidad,,"3,000","6,000",,,"9,000",,"0,000",,,"9,000",,,
,,,,,,,,,,,,,,,,,,,,,
,,,,,,,,,,,,,,,,,,,,,
RTB84,, ROLLO TERMICO BLANCO,,,,,Unidad,,"160,000",,,,"160,000",,"0,000",,,"160,000",,,
,,,,,,,,,,,,,,,,,,,,,
,,,,,,,,,,,,,,,,,,,,,
SAL6,,* ME SALSERA ECOP. 60 ML,,,,,Unidad,,"211,000","50,000",,"66,000","195,000",,"0,000",,,"195,000",,,
,,,,,,,,,,,,,,,,,,,,,
SBBQB,,* SALSA BARBACOA BOLSA,,,,,Kilogramo,,"75,070","126,000",,"106,635","94,435",,"0,000",,,"94,435",,,
,,,,,,,,,,,,,,,,,,,,,
,,,,,,,,,,,,,,,,,,,,,
SBREAP,,* SOBRES ACEITE PICANTE 300,,,,,Unidad,,"714,500",,,"52,500","662,000",,"0,000",,,"662,000",,,
,,,,,,,,,,,,,,,,,,,,,
,,,,,,,,,,,,,,,,,,,,,
SC,,* TARRINA SALSA BARBACOA,,,,,Unidad,,"0,000","320,000",,"149,000","171,000",,"0,000",,,"171,000",,,
,,,,,,,,,,,,,,,,,,,,,
,,,,,,,,,,,,,,,,,,,,,
SCBU,,* SEPARADOR CAJA BURGER,,,,,Unidad,,"286,000",,,"36,000","250,000",,"320,000",,"100,00","570,000",,,
,,,,,,,,,,,,,,,,,,,,,
,,,,,,,,,,,,,,,,,,,,,
SCCE,,* ME SALSA CREMOSA CEBOLLINO,,,,,Unidad,,"55,000",,,"18,000","37,000",,"-8,000",,"-44,44","29,000",,,
,,,,,,,,,,,,,,,,,,,,,
,,,,,,,,,,,,,,,,,,,,,
SCCRE,,* STICK COOKIE &CREAM 80 ML,,,,,Unidad,,"32,000",,,,"32,000",,"0,000",,,"32,000",,,
,,,,,,,,,,,,,,,,,,,,,
,,,,,,,,,,,,,,,,,,,,,
SCHB,,* SALSA DE CHOCOLATE BOTELLA,,,,,Kilogramo,,"2,900","1,500",,"3,175","1,225",,"0,750",,"23,62","1,975",,,
,,,,,,,,,,,,,,,,,,,,,
,,,,,,,,,,,,,,,,,,,,,
SEMA,,* SEMOLA MALTEADA 600 GR,,,,,Kilogramo,,"0,080","7,200",,"1,570","5,710",,"0,000",,,"5,710",,,
,,,,,,,,,,,,,,,,,,,,,
,,,,,,,,,,,,,,,,,,,,,
SERM,, ME SERVILLETA KRAFT MENEO 30X4,,,,,Unidad,,"940,000",,,,"940,000",,"0,000",,,"940,000",,,
,,,,,,,,,,,,,,,,,,,,,
,,,,,,,,,,,,,,,,,,,,,
SHCL,,* SALCHICHA CLASSIC,,,,,Kilogramo,,"2,842","9,800",,"8,871","3,771",,"0,350",,"3,95","4,121",,,
,,,,,,,,,,,,,,,,,,,,,
,,,,,,,,,,,,,,,,,,,,,
SIMPR,, SERVILLETA IMPRESA 32X40 MAXIS,,,,,Unidad,,"6.000,000",,,,"6.000,000",,"0,000",,,"6.000,000",,,
,,,,,,,,,,,,,,,,,,,,,
,,,,,,,,,,,,,,,,,,,,,
SLCM,,* YY SALSA CURRY MANGO,,,,,Kilogramo,,"1,250",,,"0,080","1,170",,"0,000",,,"1,170",,,
,,,,,,,,,,,,,,,,,,,,,
,,,,,,,,,,,,,,,,,,,,,
SLIME,, SLIME,,,,,Unidad,,"218,000","25,000",,"15,000","228,000",,"0,000",,,"228,000",,,
,,,,,,,,,,,,,,,,,,,,,
,,,,,,,,,,,,,,,,,,,,,
SMAK,,* STICK MACADAMIA 80 ML,,,,,Unidad,,"22,000",,,"3,000","19,000",,"2,000",,"66,67","21,000",,,
,,,,,,,,,,,,,,,,,,,,,
,,,,,,,,,,,,,,,,,,,,,
SMAY,,* ME SALSA MAYO,,,,,Unidad,,"36,000",,,"8,000","28,000",,"7,000",,"87,50","35,000",,,
,,,,,,,,,,,,,,,,,,,,,
,,,,,,,,,,,,,,,,,,,,,
SMAYO,,* SALSA MAYONESA TRUFA 875ML,,,,,Kilogramo,,"3,690",,,"1,170","2,520",,"0,875",,"74,79","3,395",,,
,,,,,,,,,,,,,,,,,,,,,
,,,,,,,,,,,,,,,,,,,,,
SMED,,* ME SALSA MEDITERRANEA,,,,,Unidad,,"48,000","32,000",,"10,000","70,000",,"-31,000",,"-100,00","39,000",,,
,,,,,,,,,,,,,,,,,,,,,
,,,,,,,,,,,,,,,,,,,,,
SMIE,,* ME SALSA MIEL MOSTAZA 32X40GR,,,,,Unidad,,"55,000",,,"16,000","39,000",,"13,000",,"81,25","52,000",,,
,,,,,,,,,,,,,,,,,,,,,
,,,,,,,,,,,,,,,,,,,,,
SORP,, REGALO SORPRESA,,,,,Unidad,,"0,000",,,"68,000","-68,000",,"68,000",,"100,00","0,000",,,
,,,,,,,,,,,,,,,,,,,,,
,,,,,,,,,,,,,,,,,,,,,
SPCMB,,* SEPARADOR COMBO 2022,,,,,Unidad,,"298,000",,,"76,000","222,000",,"0,000",,,"222,000",,,
,,,,,,,,,,,,,,,,,,,,,
,,,,,,,,,,,,,,,,,,,,,
SPES,,* SALSA PESTO,,,,,Kilogramo,,"5,070",,,"0,810","4,260",,"0,030","0,030",,"4,260",,,
,,,,,,,,,,,,,,,,,,,,,
,,,,,,,,,,,,,,,,,,,,,
SPIST,,* SALSA DE PISTACHO BOTELLA,,,,,Kilogramo,,"1,000","0,750",,"0,350","1,400",,"0,000",,,"1,400",,,
,,,,,,,,,,,,,,,,,,,,,
,,,,,,,,,,,,,,,,,,,,,
SQUE,,* ME SALSA QUESABROSA,,,,,Unidad,,"48,000",,,"38,000","10,000",,"-2,000",,"-5,26","8,000",,,
,,,,,,,,,,,,,,,,,,,,,
,,,,,,,,,,,,,,,,,,,,,
SSTEAK,,* SALSA STEAK & GRILL,,,,,Kilogramo,,"4,261",,,"0,743","3,518",,"-0,334",,"-44,95","3,184",,,
,,,,,,,,,,,,,,,,,,,,,
,,,,,,,,,,,,,,,,,,,,,
STBP,, SEPARADOR TELEPIBOX PEQUE?A,,,,,Unidad,,"50,000",,,,"50,000",,"0,000",,,"50,000",,,
,,,,,,,,,,,,,,,,,,,,,
,,,,,,,,,,,,,,,,,,,,,
STC4,,* TARRINA STRAW CHEESECAKE 460ML,,,,,Unidad,,"20,000",,,"10,000","10,000",,"-1,000",,"-10,00","9,000",,,
,,,,,,,,,,,,,,,,,,,,,
,,,,,,,,,,,,,,,,,,,,,
STRI,,* ME STRIPS DE POLLO 6X1KG,,,,,Kilogramo,,"11,820","12,000",,"9,840","13,980",,"0,000",,,"13,980",,,
,,,,,,,,,,,,,,,,,,,,,
,,,,,,,,,,,,,,,,,,,,,
T125,,"* ME TARRO 1,25 L HEGAHOGAR",,,,,Unidad,,"7,000",,,,"7,000",,"0,000",,,"7,000",,,
,,,,,,,,,,,,,,,,,,,,,
,,,,,,,,,,,,,,,,,,,,,
TAP6,,* ME TAPA SALSERA ECOP. 60 ML,,,,,Unidad,,"260,000","50,000",,"66,000","244,000",,"0,000",,,"244,000",,,
,,,,,,,,,,,,,,,,,,,,,
,,,,,,,,,,,,,,,,,,,,,
TCHC,,* TARR. STRAWBERRY CHEESECAKE 95,,,,,Unidad,,"96,000",,,"5,000","91,000",,"-3,000",,"-60,00","88,000",,,
,,,,,,,,,,,,,,,,,,,,,
,,,,,,,,,,,,,,,,,,,,,
TCHM,,* TOMATE CHERRY MITAD,,,,,Kilogramo,,"0,336","6,000",,"4,335","2,001",,"-0,325",,"-7,50","1,676",,,
,,,,,,,,,,,,,,,,,,,,,
,,,,,,,,,,,,,,,,,,,,,
TKSALSA,,* SALSA KEBAB,,,,,Gramo,,"4.150,000",,,"505,000","3.645,000",,"0,000",,,"3.645,000",,,
,,,,,,,,,,,,,,,,,,,,,
TMEM,, TAPA METALICA ENVASE MINIS,,,,,Unidad,,"27,000",,,,"27,000",,"0,000",,,"27,000",,,
,,,,,,,,,,,,,,,,,,,,,
,,,,,,,,,,,,,,,,,,,,,
TMIMOS,,* TARRINA MIEL Y MOSTAZA,,,,,Unidad,,"9,000","192,000",,"162,000","39,000",,"8,000",,"4,94","47,000",,,
,,,,,,,,,,,,,,,,,,,,,
,,,,,,,,,,,,,,,,,,,,,
TMOR,,* TARRINA DE MORCILLA,,,,,Kilogramo,,"2,965","1,650",,"1,040","3,575",,"0,275",,"26,44","3,850",,,
,,,,,,,,,,,,,,,,,,,,,
,,,,,,,,,,,,,,,,,,,,,
TOMCNF,,* TOMATE CONFITADO CUBO,,,,,Kilogramo,,"5,671","6,000",,"3,904","7,767",,"0,000",,,"7,767",,,
,,,,,,,,,,,,,,,,,,,,,
,,,,,,,,,,,,,,,,,,,,,
TPADR,, TAZAS PIZARRA,,,,,Unidad,,"67,000",,,,"67,000",,"0,000",,,"67,000",,,
,,,,,,,,,,,,,,,,,,,,,
,,,,,,,,,,,,,,,,,,,,,
TPOTI,,* TOPPING DE POLLO EN TIRAS,,,,,Kilogramo,,"1,541","110,000",,"67,052","44,489",,"0,000",,,"44,489",,,
,,,,,,,,,,,,,,,,,,,,,
,,,,,,,,,,,,,,,,,,,,,
TRINU,, TRIPODE NUEVO,,,,,Unidad,,"13.000,000","3.000,000",,,"16.000,000",,"0,000",,,"16.000,000",,,
,,,,,,,,,,,,,,,,,,,,,
,,,,,,,,,,,,,,,,,,,,,
TSCREM,,* TARRINA CREMOSA AL AJO,,,,,Unidad,,"126,000",,,"40,000","86,000",,"33,000",,"82,50","119,000",,,
,,,,,,,,,,,,,,,,,,,,,
,,,,,,,,,,,,,,,,,,,,,
TSIR,,* TRIANGULO SIRATCHA,,,,,Kilogramo,,"2,689","6,000",,"4,380","4,309",,"-0,517",,"-11,80","3,792",,,
,,,,,,,,,,,,,,,,,,,,,
,,,,,,,,,,,,,,,,,,,,,
TTCM,,* TARRINA TOMATE CONFITADO,,,,,Unidad,,"72,000",,,"41,000","31,000",,"90,000",,"100,00","121,000",,,
,,,,,,,,,,,,,,,,,,,,,
,,,,,,,,,,,,,,,,,,,,,
YOFP,,* YOGIKIDS POUCH FRESA-PLATANO,,,,,Unidad,,"0,000",,,,"0,000",,"0,000",,,"0,000",,,
,,,,,,,,,,,,,,,,,,,,,
,,,,,,,,,,,,,,,,,,,,,
YOFR,,* YOGIKIDS POUCH FRESA,,,,,Unidad,,"0,000",,,,"0,000",,"0,000",,,"0,000",,,
,,,,,,,,,,,,,,,,,,,,,
,,,,,,,,,,,,,,,,,,,,,
,,,,,,,,,,,,,,,,,,,,,
,,,,,,,,,,,,,,,,,,,,,
,,,,,,,,,,,,,,,,,,,,,
Registros mostrados:  236,,,,,artículo con diferencias entre cuadres,,,,,(*) artículo Coste Producto,,,,,,,,,,,
,sin existencias entre los cuadres,,,,artículo sin diferencias entre cuadres,,,,,(desperdicio+sobrafalta+robo) superior al 100 % consumo,,,,,,,,,,,